id,tweetid,guid,link,author,title,description,pubdate,source,favorite_count,retweet_count,lang,quoted_text,tweet_type,in_reply_to_screen_name,in_reply_to_user_id,in_reply_to_status_id,retweeted_screen_name,retweeted_user_id,retweeted_status_id,user_id,profile_image_url,user_statuses_count,user_friends_count,user_followers_count,user_created_at,user_bio,user_location,user_verified
1,1.58524E+18,https://twitter.com/ridwankamil/statuses/1585238206857248769,https://twitter.com/ridwankamil/statuses/1585238206857248769,ridwankamil,"Masih dalam rangkaian Sarling Jabar, berkunjung ke SMAN 1 Kawali, Kabupaten Ciamis.  Dunia pendidikan adalah bibit masa depan. Sekolah harus jadi sekolah yang antihoaks dan toleransi, agar jadi tempat belajar yang nyaman dan saling menghargai. #JabarJuara #IndonesiaJuara -Admin- https://t.co/y3hi7xFugR","Masih dalam rangkaian Sarling Jabar, berkunjung ke SMAN 1 Kawali, Kabupaten Ciamis.  Dunia pendidikan adalah bibit masa depan. Sekolah harus jadi sekolah yang antihoaks dan toleransi, agar jadi tempat belajar yang nyaman dan saling menghargai. #JabarJuara #IndonesiaJuara -Admin- https://t.co/y3hi7xFugR",10/26/2022 7:53,Twitter for iPhone,58,6,in,,original,,0,0,,0,0,80323736,https://pbs.twimg.com/profile_images/1536523752447840256/ePU5yzwy_normal.jpg,44225,2839,5348837,10/6/2009 11:07,Governor of West Java. Broadcaster of Daily Happiness,Jabar Juara Indonesia,1
2,1.58523E+18,https://twitter.com/ridwankamil/statuses/1585233486029680640,https://twitter.com/ridwankamil/statuses/1585233486029680640,ridwankamil,"..dan memberikan nasihat-nasihat kepada para Kepala Negara agar saling menghormati satu sama lain dan bekerja sama menuju perdamaian dunia.  Pesan dari Bandung Jawa Barat ini meminta agar kita berdampingan menuju tatanan dunia yg lebih damai, seperti halnya Dasasila Bandung 1955.","..dan memberikan nasihat-nasihat kepada para Kepala Negara agar saling menghormati satu sama lain dan bekerja sama menuju perdamaian dunia.  Pesan dari Bandung Jawa Barat ini meminta agar kita berdampingan menuju tatanan dunia yg lebih damai, seperti halnya Dasasila Bandung 1955.",10/26/2022 7:34,Twitter for iPhone,27,6,in,,reply,ridwankamil,80323736,1.58523E+18,,0,0,80323736,https://pbs.twimg.com/profile_images/1536523752447840256/ePU5yzwy_normal.jpg,44225,2839,5348837,10/6/2009 11:07,Governor of West Java. Broadcaster of Daily Happiness,Jabar Juara Indonesia,1
3,1.58523E+18,https://twitter.com/ridwankamil/statuses/1585233484217716737,https://twitter.com/ridwankamil/statuses/1585233484217716737,ridwankamil,"Seiring dunia mengalami ketidakpastian ekonomi, berbagai krisis dan potensi konflik perang global, hal-hal ini melahirkan gagasan pentingnya Majelis Permusyawaratan Rakyat di setiap negara untuk rajin berdialog…","Seiring dunia mengalami ketidakpastian ekonomi, berbagai krisis dan potensi konflik perang global, hal-hal ini melahirkan gagasan pentingnya Majelis Permusyawaratan Rakyat di setiap negara untuk rajin berdialog…",10/26/2022 7:34,Twitter for iPhone,29,5,in,,reply,ridwankamil,80323736,1.58523E+18,,0,0,80323736,https://pbs.twimg.com/profile_images/1536523752447840256/ePU5yzwy_normal.jpg,44225,2839,5348837,10/6/2009 11:07,Governor of West Java. Broadcaster of Daily Happiness,Jabar Juara Indonesia,1
4,1.58523E+18,https://twitter.com/ridwankamil/statuses/1585233479339757568,https://twitter.com/ridwankamil/statuses/1585233479339757568,ridwankamil,"Konferensi Tingkat Tinggi Organisasi Kerjasama Islam, KTT OKI 2022 selama 2 hari diselenggarakan di Bandung terkait lahirnya rencana lahirnya organisasi global baru yaitu Forum MPR sedunia. Pembukaan KTT dimulai dgn Historical Walk &amp; dibuka oleh Menkopolhukam mewakili Presiden. https://t.co/xryxcbh7mb","Konferensi Tingkat Tinggi Organisasi Kerjasama Islam, KTT OKI 2022 selama 2 hari diselenggarakan di Bandung terkait lahirnya rencana lahirnya organisasi global baru yaitu Forum MPR sedunia. Pembukaan KTT dimulai dgn Historical Walk &amp; dibuka oleh Menkopolhukam mewakili Presiden. https://t.co/xryxcbh7mb",10/26/2022 7:34,Twitter for iPhone,89,15,in,,original,,0,0,,0,0,80323736,https://pbs.twimg.com/profile_images/1536523752447840256/ePU5yzwy_normal.jpg,44225,2839,5348837,10/6/2009 11:07,Governor of West Java. Broadcaster of Daily Happiness,Jabar Juara Indonesia,1
5,1.58522E+18,https://twitter.com/ridwankamil/statuses/1585219898862899200,https://twitter.com/ridwankamil/statuses/1585219898862899200,ridwankamil,"Hari Rabu ini, dalam rangkaian acara Sarling Jabar, bersilaturahmi dengan tokoh masyarakat Kabupaten Ciamis. Penuh dengan semangat, sambutan hangat, ikatan semakin erat. #JabarJuara #IndonesiaJuara -Admin- https://t.co/MzhP4fGs7l","Hari Rabu ini, dalam rangkaian acara Sarling Jabar, bersilaturahmi dengan tokoh masyarakat Kabupaten Ciamis. Penuh dengan semangat, sambutan hangat, ikatan semakin erat. #JabarJuara #IndonesiaJuara -Admin- https://t.co/MzhP4fGs7l",10/26/2022 6:40,Twitter for iPhone,75,13,in,,original,,0,0,,0,0,80323736,https://pbs.twimg.com/profile_images/1536523752447840256/ePU5yzwy_normal.jpg,44225,2839,5348837,10/6/2009 11:07,Governor of West Java. Broadcaster of Daily Happiness,Jabar Juara Indonesia,1
6,1.58492E+18,https://twitter.com/ridwankamil/statuses/1584923380377346049,https://twitter.com/ridwankamil/statuses/1584923380377346049,ridwankamil,Krisis pangan menghantui dunia di tahun-tahun mendatang. Karenanya kita harus respons dgn strategi besar di level negara &amp; aksi2 kecil di level warga.  Hayu ber-urban farming bagi warga perkotaan. Gunakan halamannya utk bercocok tanam sederhana untuk keperluan dapur. #JabarJuara https://t.co/4TUV0GlxzN,Krisis pangan menghantui dunia di tahun-tahun mendatang. Karenanya kita harus respons dgn strategi besar di level negara &amp; aksi2 kecil di level warga.  Hayu ber-urban farming bagi warga perkotaan. Gunakan halamannya utk bercocok tanam sederhana untuk keperluan dapur. #JabarJuara https://t.co/4TUV0GlxzN,10/25/2022 11:02,Twitter for iPhone,512,69,in,,original,,0,0,,0,0,80323736,https://pbs.twimg.com/profile_images/1536523752447840256/ePU5yzwy_normal.jpg,44225,2839,5348837,10/6/2009 11:07,Governor of West Java. Broadcaster of Daily Happiness,Jabar Juara Indonesia,1
7,1.5848E+18,https://twitter.com/ridwankamil/statuses/1584802972470775811,https://twitter.com/ridwankamil/statuses/1584802972470775811,ridwankamil,"Dari 8 juta sampai 50 juta rupiah. Dari yg per tahun sampai yg full studi dari awal sampai lulus.  Bahkan ada Beasiswa Aktivis, buat para aktivis kemahasiswaan di kampus.  Semoga indeks sarjana makin tinggi &amp; SDM Jabar makin juara lahir batin. Aamiin.  #JabarJuara #IndonesiaJuara","Dari 8 juta sampai 50 juta rupiah. Dari yg per tahun sampai yg full studi dari awal sampai lulus.  Bahkan ada Beasiswa Aktivis, buat para aktivis kemahasiswaan di kampus.  Semoga indeks sarjana makin tinggi &amp; SDM Jabar makin juara lahir batin. Aamiin.  #JabarJuara #IndonesiaJuara",10/25/2022 3:04,Twitter for iPhone,80,13,in,,reply,ridwankamil,80323736,1.5848E+18,,0,0,80323736,https://pbs.twimg.com/profile_images/1536523752447840256/ePU5yzwy_normal.jpg,44225,2839,5348837,10/6/2009 11:07,Governor of West Java. Broadcaster of Daily Happiness,Jabar Juara Indonesia,1
8,1.5848E+18,https://twitter.com/ridwankamil/statuses/1584802967496298498,https://twitter.com/ridwankamil/statuses/1584802967496298498,ridwankamil,Mau beasiswa D1 sampai S3 Doktoral? Daftar ke @jfls_jabar dan @disdik_jabar.  Beasiewa keren dari Pemprov Jawa Barat dalam format Jabar Future Leader Scholarship. Diberikan untuk mahasiswa Jawa Barat yang kuliah di seluruh Perguruan Tinggi Indonesia.  #JabarJuara #IndonesiaJuara https://t.co/KkShXlpib5,Mau beasiswa D1 sampai S3 Doktoral? Daftar ke @jfls_jabar dan @disdik_jabar.  Beasiewa keren dari Pemprov Jawa Barat dalam format Jabar Future Leader Scholarship. Diberikan untuk mahasiswa Jawa Barat yang kuliah di seluruh Perguruan Tinggi Indonesia.  #JabarJuara #IndonesiaJuara https://t.co/KkShXlpib5,10/25/2022 3:04,Twitter for iPhone,256,57,in,,original,,0,0,,0,0,80323736,https://pbs.twimg.com/profile_images/1536523752447840256/ePU5yzwy_normal.jpg,44225,2839,5348837,10/6/2009 11:07,Governor of West Java. Broadcaster of Daily Happiness,Jabar Juara Indonesia,1
9,1.58452E+18,https://twitter.com/ridwankamil/statuses/1584518009754095616,https://twitter.com/ridwankamil/statuses/1584518009754095616,ridwankamil,"Karenanya ke Kampungnya saya berjalan berkilo-kilo meter tanpa beralas kaki, menginap tanpa listrik dan mandi di sungai, sebagai keseharian dengan kearifan lokal Sunda karuhun di sana.  Semoga Ambulance nya bermanfaat. Hatur Nuhun.","Karenanya ke Kampungnya saya berjalan berkilo-kilo meter tanpa beralas kaki, menginap tanpa listrik dan mandi di sungai, sebagai keseharian dengan kearifan lokal Sunda karuhun di sana.  Semoga Ambulance nya bermanfaat. Hatur Nuhun.",10/24/2022 8:11,Twitter for iPhone,88,12,in,,reply,ridwankamil,80323736,1.58452E+18,,0,0,80323736,https://pbs.twimg.com/profile_images/1536523752447840256/ePU5yzwy_normal.jpg,44225,2839,5348837,10/6/2009 11:07,Governor of West Java. Broadcaster of Daily Happiness,Jabar Juara Indonesia,1
10,1.58452E+18,https://twitter.com/ridwankamil/statuses/1584518008030269440,https://twitter.com/ridwankamil/statuses/1584518008030269440,ridwankamil,Tahun 2018 saya menginap di Kampung Baduy Dalam. Filosofinya Baduy Dalam adalah tidak boleh ada persentuhan dengan teknologi modern.,Tahun 2018 saya menginap di Kampung Baduy Dalam. Filosofinya Baduy Dalam adalah tidak boleh ada persentuhan dengan teknologi modern.,10/24/2022 8:11,Twitter for iPhone,87,16,in,,reply,ridwankamil,80323736,1.58452E+18,,0,0,80323736,https://pbs.twimg.com/profile_images/1536523752447840256/ePU5yzwy_normal.jpg,44225,2839,5348837,10/6/2009 11:07,Governor of West Java. Broadcaster of Daily Happiness,Jabar Juara Indonesia,1
11,1.58452E+18,https://twitter.com/ridwankamil/statuses/1584518006180544514,https://twitter.com/ridwankamil/statuses/1584518006180544514,ridwankamil,Ada 2 tipe Suku Baduy  1. Baduy Luar: Pangsi warna hitam/ teknologi boleh masuk walau terbatas. 2. Baduy Dalam: Pangsi warna putih/ teknologi tidak boleh masuk sama sekali.,Ada 2 tipe Suku Baduy  1. Baduy Luar: Pangsi warna hitam/ teknologi boleh masuk walau terbatas. 2. Baduy Dalam: Pangsi warna putih/ teknologi tidak boleh masuk sama sekali.,10/24/2022 8:11,Twitter for iPhone,59,2,in,,reply,ridwankamil,80323736,1.58452E+18,,0,0,80323736,https://pbs.twimg.com/profile_images/1536523752447840256/ePU5yzwy_normal.jpg,44225,2839,5348837,10/6/2009 11:07,Governor of West Java. Broadcaster of Daily Happiness,Jabar Juara Indonesia,1
12,1.58452E+18,https://twitter.com/ridwankamil/statuses/1584518002581843968,https://twitter.com/ridwankamil/statuses/1584518002581843968,ridwankamil,Memenuhi permohonan Suku Baduy yang meminta donasi mobil ambulance untuk emergency kesehatan para warga Baduy. Minggu lalu kami serahkan di Kab Lebak kepada para Jaro (Kepala Desa): Jaro Saidja dan Jaro Saidi.  #JabarJuara #IndonesiaJuara https://t.co/HHS9UuEInY,Memenuhi permohonan Suku Baduy yang meminta donasi mobil ambulance untuk emergency kesehatan para warga Baduy. Minggu lalu kami serahkan di Kab Lebak kepada para Jaro (Kepala Desa): Jaro Saidja dan Jaro Saidi.  #JabarJuara #IndonesiaJuara https://t.co/HHS9UuEInY,10/24/2022 8:11,Twitter for iPhone,568,82,in,,original,,0,0,,0,0,80323736,https://pbs.twimg.com/profile_images/1536523752447840256/ePU5yzwy_normal.jpg,44225,2839,5348837,10/6/2009 11:07,Governor of West Java. Broadcaster of Daily Happiness,Jabar Juara Indonesia,1
13,1.58444E+18,https://twitter.com/ridwankamil/statuses/1584443599206641664,https://twitter.com/ridwankamil/statuses/1584443599206641664,ridwankamil,“Indahnya kembang di motif baju. Menjual gaun ke pulau Sumatera” Kota Palembang memang maju. Warganya pun bahagia sejahtera.  Sekali lagi hapunten dan hatur nuhun.,“Indahnya kembang di motif baju. Menjual gaun ke pulau Sumatera” Kota Palembang memang maju. Warganya pun bahagia sejahtera.  Sekali lagi hapunten dan hatur nuhun.,10/24/2022 3:16,Twitter for iPhone,726,47,in,,reply,ridwankamil,80323736,1.58444E+18,,0,0,80323736,https://pbs.twimg.com/profile_images/1536523752447840256/ePU5yzwy_normal.jpg,44225,2839,5348837,10/6/2009 11:07,Governor of West Java. Broadcaster of Daily Happiness,Jabar Juara Indonesia,1
14,1.58444E+18,https://twitter.com/ridwankamil/statuses/1584443583243116545,https://twitter.com/ridwankamil/statuses/1584443583243116545,ridwankamil,"Namun jika itu kurang berkenan dan keliru, sekali lagi saya haturkan permohonan maaf. Mungkin saya harus update dan jalan-jalan lagi ke Kota Palembang yang pembangunannya memang keren, pesat dan luar biasa.","Namun jika itu kurang berkenan dan keliru, sekali lagi saya haturkan permohonan maaf. Mungkin saya harus update dan jalan-jalan lagi ke Kota Palembang yang pembangunannya memang keren, pesat dan luar biasa.",10/24/2022 3:16,Twitter for iPhone,432,38,in,,reply,ridwankamil,80323736,1.58444E+18,,0,0,80323736,https://pbs.twimg.com/profile_images/1536523752447840256/ePU5yzwy_normal.jpg,44225,2839,5348837,10/6/2009 11:07,Governor of West Java. Broadcaster of Daily Happiness,Jabar Juara Indonesia,1
15,1.58444E+18,https://twitter.com/ridwankamil/statuses/1584443576397987841,https://twitter.com/ridwankamil/statuses/1584443576397987841,ridwankamil,"Suka lupa bahwa dalam berstatemen akademik, melekat jabatan saya sbg pemimpin daerah, sehingga ada kritikan “urus aja atuh Jabar, jangan sok komen pembangunan daerah lain”. Kritikan itu saya terima dengan lapang dada.","Suka lupa bahwa dalam berstatemen akademik, melekat jabatan saya sbg pemimpin daerah, sehingga ada kritikan “urus aja atuh Jabar, jangan sok komen pembangunan daerah lain”. Kritikan itu saya terima dengan lapang dada.",10/24/2022 3:16,Twitter for iPhone,533,48,in,,reply,ridwankamil,80323736,1.58444E+18,,0,0,80323736,https://pbs.twimg.com/profile_images/1536523752447840256/ePU5yzwy_normal.jpg,44225,2839,5348837,10/6/2009 11:07,Governor of West Java. Broadcaster of Daily Happiness,Jabar Juara Indonesia,1
16,1.58444E+18,https://twitter.com/ridwankamil/statuses/1584443573340340225,https://twitter.com/ridwankamil/statuses/1584443573340340225,ridwankamil,6. Mungkin kebiasaan saya sebagai mantan dosen yg selalu berargumen dengan memberi contoh studi kasus.,6. Mungkin kebiasaan saya sebagai mantan dosen yg selalu berargumen dengan memberi contoh studi kasus.,10/24/2022 3:16,Twitter for iPhone,325,27,in,,reply,ridwankamil,80323736,1.58444E+18,,0,0,80323736,https://pbs.twimg.com/profile_images/1536523752447840256/ePU5yzwy_normal.jpg,44225,2839,5348837,10/6/2009 11:07,Governor of West Java. Broadcaster of Daily Happiness,Jabar Juara Indonesia,1
17,1.58444E+18,https://twitter.com/ridwankamil/statuses/1584443569754210305,https://twitter.com/ridwankamil/statuses/1584443569754210305,ridwankamil,5. Diskusi di Jababeka itu sifatnya akademis membahas plus minus pembangunan indonesia dari zaman dulu sd sekarang. Bukan format tanya jawab dengan media.,5. Diskusi di Jababeka itu sifatnya akademis membahas plus minus pembangunan indonesia dari zaman dulu sd sekarang. Bukan format tanya jawab dengan media.,10/24/2022 3:15,Twitter for iPhone,295,24,in,,reply,ridwankamil,80323736,1.58444E+18,,0,0,80323736,https://pbs.twimg.com/profile_images/1536523752447840256/ePU5yzwy_normal.jpg,44225,2839,5348837,10/6/2009 11:07,Governor of West Java. Broadcaster of Daily Happiness,Jabar Juara Indonesia,1
18,1.58444E+18,https://twitter.com/ridwankamil/statuses/1584443564263903233,https://twitter.com/ridwankamil/statuses/1584443564263903233,ridwankamil,4. Jika populasi sedikit nanti ada tantangan seperti LRT Palembang yang kondisi ridershipnya penumpang hariannya belum maksimal (berdasarkan penglihatan saya saat kunjungan terakhir).,4. Jika populasi sedikit nanti ada tantangan seperti LRT Palembang yang kondisi ridershipnya penumpang hariannya belum maksimal (berdasarkan penglihatan saya saat kunjungan terakhir).,10/24/2022 3:15,Twitter for iPhone,405,36,in,,reply,ridwankamil,80323736,1.58444E+18,,0,0,80323736,https://pbs.twimg.com/profile_images/1536523752447840256/ePU5yzwy_normal.jpg,44225,2839,5348837,10/6/2009 11:07,Governor of West Java. Broadcaster of Daily Happiness,Jabar Juara Indonesia,1
19,1.58444E+18,https://twitter.com/ridwankamil/statuses/1584443559314599936,https://twitter.com/ridwankamil/statuses/1584443559314599936,ridwankamil,2. Kedua populasi harus besar supaya penuh dan balik modal cepat.  3. Harus terkoneksi dengan feeder dan jaringannya harus luas.,2. Kedua populasi harus besar supaya penuh dan balik modal cepat.  3. Harus terkoneksi dengan feeder dan jaringannya harus luas.,10/24/2022 3:15,Twitter for iPhone,330,27,in,,reply,ridwankamil,80323736,1.58444E+18,,0,0,80323736,https://pbs.twimg.com/profile_images/1536523752447840256/ePU5yzwy_normal.jpg,44225,2839,5348837,10/6/2009 11:07,Governor of West Java. Broadcaster of Daily Happiness,Jabar Juara Indonesia,1
20,1.58444E+18,https://twitter.com/ridwankamil/statuses/1584443553425805312,https://twitter.com/ridwankamil/statuses/1584443553425805312,ridwankamil,"Konteksnya begini:   Dalam diskusi, ada developer di bekasi-karawang tiba-tiba meminta dibangunkan MRT. Saya menjawab dgn berargumentasi:  1. MRT itu mahal sekali, 1 Trilyun per KM. Tidak ada anggaran pemerintah daerah yang sanggup kecuali DKI mungkin.","Konteksnya begini:   Dalam diskusi, ada developer di bekasi-karawang tiba-tiba meminta dibangunkan MRT. Saya menjawab dgn berargumentasi:  1. MRT itu mahal sekali, 1 Trilyun per KM. Tidak ada anggaran pemerintah daerah yang sanggup kecuali DKI mungkin.",10/24/2022 3:15,Twitter for iPhone,454,34,in,,reply,ridwankamil,80323736,1.58444E+18,,0,0,80323736,https://pbs.twimg.com/profile_images/1536523752447840256/ePU5yzwy_normal.jpg,44225,2839,5348837,10/6/2009 11:07,Governor of West Java. Broadcaster of Daily Happiness,Jabar Juara Indonesia,1
21,1.58444E+18,https://twitter.com/ridwankamil/statuses/1584443550221369344,https://twitter.com/ridwankamil/statuses/1584443550221369344,ridwankamil,Permohonan Maaf Kepada Warga Palembang.   Jika poin diskusi Studi Pembangunan di Jababeka terkait studi2 kasus transportasi dianggap kurang berkenan. Kutipan media tidak menampilkan urutan keseluruhan diskusinya secara utuh sehingga disalahpahami. https://t.co/6TCMWIgRVD,Permohonan Maaf Kepada Warga Palembang.   Jika poin diskusi Studi Pembangunan di Jababeka terkait studi2 kasus transportasi dianggap kurang berkenan. Kutipan media tidak menampilkan urutan keseluruhan diskusinya secara utuh sehingga disalahpahami. https://t.co/6TCMWIgRVD,10/24/2022 3:15,Twitter for iPhone,7817,1507,in,,original,,0,0,,0,0,80323736,https://pbs.twimg.com/profile_images/1536523752447840256/ePU5yzwy_normal.jpg,44225,2839,5348837,10/6/2009 11:07,Governor of West Java. Broadcaster of Daily Happiness,Jabar Juara Indonesia,1
22,1.58442E+18,https://twitter.com/ridwankamil/statuses/1584415340876161024,https://twitter.com/ridwankamil/statuses/1584415340876161024,ridwankamil,"Menyerahkan beasiswa secara simbolis kepada penerima Jabar Future Leader Scholarship (JFLS) 2022 di Gedung Sate, Kota Bandung.  Beasiswa ini diberikan kepada mahasiswa berprestasi, calon pemimpin di masa depan. Selamat! Harus selalu semangat. #JabarJuara #IndonesiaJuara -Admin- https://t.co/ZC31QispF9","Menyerahkan beasiswa secara simbolis kepada penerima Jabar Future Leader Scholarship (JFLS) 2022 di Gedung Sate, Kota Bandung.  Beasiswa ini diberikan kepada mahasiswa berprestasi, calon pemimpin di masa depan. Selamat! Harus selalu semangat. #JabarJuara #IndonesiaJuara -Admin- https://t.co/ZC31QispF9",10/24/2022 1:23,Twitter for iPhone,206,31,in,,original,,0,0,,0,0,80323736,https://pbs.twimg.com/profile_images/1536523752447840256/ePU5yzwy_normal.jpg,44225,2839,5348837,10/6/2009 11:07,Governor of West Java. Broadcaster of Daily Happiness,Jabar Juara Indonesia,1
23,1.58404E+18,https://twitter.com/ridwankamil/statuses/1584044397976748032,https://twitter.com/ridwankamil/statuses/1584044397976748032,ridwankamil,"Dalam peringatan Maulid Nabi Muhammad SAW Tahun 1444 H di Masjid Jami Al-Munawwaroh, Kota Cimahi, bertemu dengan Ridwan Kamil bayi.  Bayi ini ternyata diterlantarkan oleh orangtuanya. Semoga kelak menjadi anak yang sholeh -Admin- https://t.co/5UXKhO6yZy","Dalam peringatan Maulid Nabi Muhammad SAW Tahun 1444 H di Masjid Jami Al-Munawwaroh, Kota Cimahi, bertemu dengan Ridwan Kamil bayi.  Bayi ini ternyata diterlantarkan oleh orangtuanya. Semoga kelak menjadi anak yang sholeh -Admin- https://t.co/5UXKhO6yZy",10/23/2022 0:49,Twitter for iPhone,1055,87,in,,original,,0,0,,0,0,80323736,https://pbs.twimg.com/profile_images/1536523752447840256/ePU5yzwy_normal.jpg,44225,2839,5348837,10/6/2009 11:07,Governor of West Java. Broadcaster of Daily Happiness,Jabar Juara Indonesia,1
24,1.58379E+18,https://twitter.com/ridwankamil/statuses/1583792243806470147,https://twitter.com/ridwankamil/statuses/1583792243806470147,ridwankamil,"Melantik Penjabat Wali Kota Cimahi, Dikdik Suratno Nugrahawan, di Gedung Sate, Bandung.  Selamat atas jabatannya, semoga amanah membangun Cimahi yang lebih asri. #JabarJuara #IndonesiaJuara -Admin- https://t.co/s5aioeHMXA","Melantik Penjabat Wali Kota Cimahi, Dikdik Suratno Nugrahawan, di Gedung Sate, Bandung.  Selamat atas jabatannya, semoga amanah membangun Cimahi yang lebih asri. #JabarJuara #IndonesiaJuara -Admin- https://t.co/s5aioeHMXA",10/22/2022 8:07,Twitter for iPhone,252,27,in,,original,,0,0,,0,0,80323736,https://pbs.twimg.com/profile_images/1536523752447840256/ePU5yzwy_normal.jpg,44225,2839,5348837,10/6/2009 11:07,Governor of West Java. Broadcaster of Daily Happiness,Jabar Juara Indonesia,1
25,1.58366E+18,https://twitter.com/ridwankamil/statuses/1583663394313629699,https://twitter.com/ridwankamil/statuses/1583663394313629699,ridwankamil,"Salah satunya adalah awal tahun 2022 melahirkan kurikulum Anti Radikalisme/Terorisme di level SMA/K di Jawa Barat.  Jadi secara pribadi, sangat wajar jika negera ini memberikan penghormatan dengan menganugerahi santri &amp; ulama berupa Hari Santri Nasional setiap tanggal 22 Oktober.","Salah satunya adalah awal tahun 2022 melahirkan kurikulum Anti Radikalisme/Terorisme di level SMA/K di Jawa Barat.  Jadi secara pribadi, sangat wajar jika negera ini memberikan penghormatan dengan menganugerahi santri &amp; ulama berupa Hari Santri Nasional setiap tanggal 22 Oktober.",10/21/2022 23:35,Twitter for iPhone,69,8,in,,reply,ridwankamil,80323736,1.58366E+18,,0,0,80323736,https://pbs.twimg.com/profile_images/1536523752447840256/ePU5yzwy_normal.jpg,44225,2839,5348837,10/6/2009 11:07,Governor of West Java. Broadcaster of Daily Happiness,Jabar Juara Indonesia,1
26,1.58366E+18,https://twitter.com/ridwankamil/statuses/1583663392447172609,https://twitter.com/ridwankamil/statuses/1583663392447172609,ridwankamil,"4. Paman kami, gugur di pesantren oleh gerombolan PKI di awal tahun 60-an.  Karenanya sebagai Gubernur, kami jaga betul Pancasila agar selalu tegak kokoh di Jabar, walau banyak tantangan.","4. Paman kami, gugur di pesantren oleh gerombolan PKI di awal tahun 60-an.  Karenanya sebagai Gubernur, kami jaga betul Pancasila agar selalu tegak kokoh di Jabar, walau banyak tantangan.",10/21/2022 23:35,Twitter for iPhone,81,14,in,,reply,ridwankamil,80323736,1.58366E+18,,0,0,80323736,https://pbs.twimg.com/profile_images/1536523752447840256/ePU5yzwy_normal.jpg,44225,2839,5348837,10/6/2009 11:07,Governor of West Java. Broadcaster of Daily Happiness,Jabar Juara Indonesia,1
27,1.58366E+18,https://twitter.com/ridwankamil/statuses/1583663390438100992,https://twitter.com/ridwankamil/statuses/1583663390438100992,ridwankamil,"2. Pakde kami, H Udung, meninggal syahid saat bertempur melawan Belanda bersama para santri asal Subang di Pertempuran Ujung Berung Bandung. 3. Pesantren Pagelaran milik keluarga kami memilih tutup dan hijrah, ketimbang dipaksa bergabung dalam gerombolan DI/TII.","2. Pakde kami, H Udung, meninggal syahid saat bertempur melawan Belanda bersama para santri asal Subang di Pertempuran Ujung Berung Bandung. 3. Pesantren Pagelaran milik keluarga kami memilih tutup dan hijrah, ketimbang dipaksa bergabung dalam gerombolan DI/TII.",10/21/2022 23:35,Twitter for iPhone,39,4,in,,reply,ridwankamil,80323736,1.58366E+18,,0,0,80323736,https://pbs.twimg.com/profile_images/1536523752447840256/ePU5yzwy_normal.jpg,44225,2839,5348837,10/6/2009 11:07,Governor of West Java. Broadcaster of Daily Happiness,Jabar Juara Indonesia,1
28,1.58366E+18,https://twitter.com/ridwankamil/statuses/1583663387917312001,https://twitter.com/ridwankamil/statuses/1583663387917312001,ridwankamil,"Sedikit sejarah keluarga saya terkait kiprah Ulama dan santri dalam perjuangan melawan penjajah dan gerombolan2/kelompok pengganggu Pancasila. 1. Kakek kami, KH Muhjiddin, adalah Panglima Hizbullah NU Di Subang/Purwakarta. Dipenjara oleh Belanda 2 kali di Sukamiskin Bandung.","Sedikit sejarah keluarga saya terkait kiprah Ulama dan santri dalam perjuangan melawan penjajah dan gerombolan2/kelompok pengganggu Pancasila. 1. Kakek kami, KH Muhjiddin, adalah Panglima Hizbullah NU Di Subang/Purwakarta. Dipenjara oleh Belanda 2 kali di Sukamiskin Bandung.",10/21/2022 23:35,Twitter for iPhone,53,5,in,,reply,ridwankamil,80323736,1.58366E+18,,0,0,80323736,https://pbs.twimg.com/profile_images/1536523752447840256/ePU5yzwy_normal.jpg,44225,2839,5348837,10/6/2009 11:07,Governor of West Java. Broadcaster of Daily Happiness,Jabar Juara Indonesia,1
29,1.58366E+18,https://twitter.com/ridwankamil/statuses/1583663382473109504,https://twitter.com/ridwankamil/statuses/1583663382473109504,ridwankamil,"Selamat Hari Santri Nasional.  Keberadaan santri &amp; pesantren dlm sejarah negeri ini luar biasa. Ikut berjuang menegakkan kedaulatan NKRI.  Karenanya, Jabar jd provinsi pertama pasca UU pesantren yg punya Perda Pesantren agar pesantren bs difasilitasi secara maksimal.  #JabarJuara https://t.co/AZvfMghYUG","Selamat Hari Santri Nasional.  Keberadaan santri &amp; pesantren dlm sejarah negeri ini luar biasa. Ikut berjuang menegakkan kedaulatan NKRI.  Karenanya, Jabar jd provinsi pertama pasca UU pesantren yg punya Perda Pesantren agar pesantren bs difasilitasi secara maksimal.  #JabarJuara https://t.co/AZvfMghYUG",10/21/2022 23:35,Twitter for iPhone,387,58,in,,original,,0,0,,0,0,80323736,https://pbs.twimg.com/profile_images/1536523752447840256/ePU5yzwy_normal.jpg,44225,2839,5348837,10/6/2009 11:07,Governor of West Java. Broadcaster of Daily Happiness,Jabar Juara Indonesia,1
30,1.58303E+18,https://twitter.com/ridwankamil/statuses/1583032653309431809,https://twitter.com/ridwankamil/statuses/1583032653309431809,ridwankamil,"Setelah dari lokasi banjir, bersilaturahmi dengan Ulama dan Tokoh Masyarakat di Kabupaten Lebak. Sekaligus menyerahkan bantuan mobil ambulans.  Persaudaraan melekat, kita lebih dekat.-Admin- https://t.co/TZtby5681S","Setelah dari lokasi banjir, bersilaturahmi dengan Ulama dan Tokoh Masyarakat di Kabupaten Lebak. Sekaligus menyerahkan bantuan mobil ambulans.  Persaudaraan melekat, kita lebih dekat.-Admin- https://t.co/TZtby5681S",10/20/2022 5:49,Twitter for iPhone,236,29,in,,original,,0,0,,0,0,80323736,https://pbs.twimg.com/profile_images/1536523752447840256/ePU5yzwy_normal.jpg,44225,2839,5348837,10/6/2009 11:07,Governor of West Java. Broadcaster of Daily Happiness,Jabar Juara Indonesia,1
31,1.58302E+18,https://twitter.com/ridwankamil/statuses/1583015590411014144,https://twitter.com/ridwankamil/statuses/1583015590411014144,ridwankamil,Hari ini datang ke Kabupaten Lebak untuk meninjau lokasi bencana alam banjir dan jembatan yang putus. Bantuan kemanusiaan diberikan untuk warga yang terdampak bencana.  Semoga dapat bermanfaat dan lokasi banjir dapat segera pulih kembali.-Admin- https://t.co/YMfhufZWMO,Hari ini datang ke Kabupaten Lebak untuk meninjau lokasi bencana alam banjir dan jembatan yang putus. Bantuan kemanusiaan diberikan untuk warga yang terdampak bencana.  Semoga dapat bermanfaat dan lokasi banjir dapat segera pulih kembali.-Admin- https://t.co/YMfhufZWMO,10/20/2022 4:41,Twitter for iPhone,439,47,in,,original,,0,0,,0,0,80323736,https://pbs.twimg.com/profile_images/1536523752447840256/ePU5yzwy_normal.jpg,44225,2839,5348837,10/6/2009 11:07,Governor of West Java. Broadcaster of Daily Happiness,Jabar Juara Indonesia,1
32,1.58298E+18,https://twitter.com/ridwankamil/statuses/1582975383431176192,https://twitter.com/ridwankamil/statuses/1582975383431176192,ridwankamil,"Sudah puluhan ribu rumah diperbaiki, ratusan milyar dianggarkan utk kesejahteraan &amp; perbaikan taraf hidup warga Jabar tercinta.  Lapor ke @disperkimjabar jika ada tetangga/saudara yg rumahnya tidak layak huni.  Uang rakyat kembali ke rakyat.  #JabarJuara #IndonesiaJuara #Rutilahu https://t.co/DJTp5x7FyB","Sudah puluhan ribu rumah diperbaiki, ratusan milyar dianggarkan utk kesejahteraan &amp; perbaikan taraf hidup warga Jabar tercinta.  Lapor ke @disperkimjabar jika ada tetangga/saudara yg rumahnya tidak layak huni.  Uang rakyat kembali ke rakyat.  #JabarJuara #IndonesiaJuara #Rutilahu https://t.co/DJTp5x7FyB",10/20/2022 2:01,Twitter for iPhone,274,53,in,,original,,0,0,,0,0,80323736,https://pbs.twimg.com/profile_images/1536523752447840256/ePU5yzwy_normal.jpg,44225,2839,5348837,10/6/2009 11:07,Governor of West Java. Broadcaster of Daily Happiness,Jabar Juara Indonesia,1
33,1.58278E+18,https://twitter.com/ridwankamil/statuses/1582776783799480320,https://twitter.com/ridwankamil/statuses/1582776783799480320,ridwankamil,"Warga Jabar yang suka ngulik soal Data-Tech, ayo ikut kompetisi Jabar Data Visualization Festival (JDVF) 2022: Think Globally, Act Locally.  Masih open submission sampai 30 Oktober , daftar di https://t.co/PwzKHCzpYp #JabarJuara #IndonesiaJuara -Admin- https://t.co/WORybwDJBB","Warga Jabar yang suka ngulik soal Data-Tech, ayo ikut kompetisi Jabar Data Visualization Festival (JDVF) 2022: Think Globally, Act Locally.  Masih open submission sampai 30 Oktober , daftar di https://t.co/PwzKHCzpYp #JabarJuara #IndonesiaJuara -Admin- https://t.co/WORybwDJBB",10/19/2022 12:52,Twitter for iPhone,128,35,in,,original,,0,0,,0,0,80323736,https://pbs.twimg.com/profile_images/1536523752447840256/ePU5yzwy_normal.jpg,44225,2839,5348837,10/6/2009 11:07,Governor of West Java. Broadcaster of Daily Happiness,Jabar Juara Indonesia,1
34,1.58267E+18,https://twitter.com/ridwankamil/statuses/1582668558806708227,https://twitter.com/ridwankamil/statuses/1582668558806708227,ridwankamil,"Menghadiri Rapat Koordinasi Kepegawaian se-Kalimantan Timur tahun 2022, di kota Bandung.  Setelah rapat, rekomendasikan ibu-ibu dan bapak-bapak ini jalan-jalan ke mana ya? #JabarJuara #IndonesiaJuara -Admin- https://t.co/bIOJSsUJlB","Menghadiri Rapat Koordinasi Kepegawaian se-Kalimantan Timur tahun 2022, di kota Bandung.  Setelah rapat, rekomendasikan ibu-ibu dan bapak-bapak ini jalan-jalan ke mana ya? #JabarJuara #IndonesiaJuara -Admin- https://t.co/bIOJSsUJlB",10/19/2022 5:42,Twitter for iPhone,176,19,in,,original,,0,0,,0,0,80323736,https://pbs.twimg.com/profile_images/1536523752447840256/ePU5yzwy_normal.jpg,44225,2839,5348837,10/6/2009 11:07,Governor of West Java. Broadcaster of Daily Happiness,Jabar Juara Indonesia,1
35,1.58237E+18,https://twitter.com/ridwankamil/statuses/1582371895684771842,https://twitter.com/ridwankamil/statuses/1582371895684771842,ridwankamil,"Pemprov Jawa Barat turut mendukung produksi film ini. Mari Lestarikan budaya dan bahasa ibu, dengan mendukung kebangkitan film-film berbahasa daerah ini. Indahnya keberagaman dan kebhinekaan.  Semangat. Hatur Nuhun. #JabarJuara #IndonesiaJuara","Pemprov Jawa Barat turut mendukung produksi film ini. Mari Lestarikan budaya dan bahasa ibu, dengan mendukung kebangkitan film-film berbahasa daerah ini. Indahnya keberagaman dan kebhinekaan.  Semangat. Hatur Nuhun. #JabarJuara #IndonesiaJuara",10/18/2022 10:03,Twitter for iPhone,94,5,in,,reply,ridwankamil,80323736,1.58237E+18,,0,0,80323736,https://pbs.twimg.com/profile_images/1536523752447840256/ePU5yzwy_normal.jpg,44225,2839,5348837,10/6/2009 11:07,Governor of West Java. Broadcaster of Daily Happiness,Jabar Juara Indonesia,1
36,1.58237E+18,https://twitter.com/ridwankamil/statuses/1582371889414295552,https://twitter.com/ridwankamil/statuses/1582371889414295552,ridwankamil,Menceritakan sosok Nana yang bergulat dengan cinta lama dan memori masa lalunya. Diperankan dengan brilian oleh Happy Salma. Cerita true story dari ibu kandung dari produser film ini Jais Darga. https://t.co/Bf22ccVD6S,Menceritakan sosok Nana yang bergulat dengan cinta lama dan memori masa lalunya. Diperankan dengan brilian oleh Happy Salma. Cerita true story dari ibu kandung dari produser film ini Jais Darga. https://t.co/Bf22ccVD6S,10/18/2022 10:03,Twitter for iPhone,164,19,in,,reply,ridwankamil,80323736,1.58237E+18,,0,0,80323736,https://pbs.twimg.com/profile_images/1536523752447840256/ePU5yzwy_normal.jpg,44225,2839,5348837,10/6/2009 11:07,Governor of West Java. Broadcaster of Daily Happiness,Jabar Juara Indonesia,1
37,1.58237E+18,https://twitter.com/ridwankamil/statuses/1582371812931170304,https://twitter.com/ridwankamil/statuses/1582371812931170304,ridwankamil,"Film berbahasa Sunda ini sudah diputar di 17 negara. Memenangkan beberapa penghargaan internasional. Sekarang bisa dilihat di Prime Video.  “Before, Now and Then” adalah cerita seorang perempuan di tatar Pasundan di era DI/TII dan PKI di akhir rezim Orde Lama. https://t.co/GUicdgQxww","Film berbahasa Sunda ini sudah diputar di 17 negara. Memenangkan beberapa penghargaan internasional. Sekarang bisa dilihat di Prime Video.  “Before, Now and Then” adalah cerita seorang perempuan di tatar Pasundan di era DI/TII dan PKI di akhir rezim Orde Lama. https://t.co/GUicdgQxww",10/18/2022 10:03,Twitter for iPhone,682,136,in,,original,,0,0,,0,0,80323736,https://pbs.twimg.com/profile_images/1536523752447840256/ePU5yzwy_normal.jpg,44225,2839,5348837,10/6/2009 11:07,Governor of West Java. Broadcaster of Daily Happiness,Jabar Juara Indonesia,1
38,1.58236E+18,https://twitter.com/ridwankamil/statuses/1582358777281794049,https://twitter.com/ridwankamil/statuses/1582358777281794049,ridwankamil,Semoga semua dari kita selalu waspada dan selalu mengutamakan keselamatan dalam kegiatan apa pun.  Budayakan rajin mengecek ke BMKG terkait prakiraan cuaca. Antisipatif adalah hal baik yang harus jadi budaya kita.  Hatur Nuhun,Semoga semua dari kita selalu waspada dan selalu mengutamakan keselamatan dalam kegiatan apa pun.  Budayakan rajin mengecek ke BMKG terkait prakiraan cuaca. Antisipatif adalah hal baik yang harus jadi budaya kita.  Hatur Nuhun,10/18/2022 9:11,Twitter for iPhone,74,5,in,,reply,ridwankamil,80323736,1.58236E+18,,0,0,80323736,https://pbs.twimg.com/profile_images/1536523752447840256/ePU5yzwy_normal.jpg,44225,2839,5348837,10/6/2009 11:07,Governor of West Java. Broadcaster of Daily Happiness,Jabar Juara Indonesia,1
39,1.58236E+18,https://twitter.com/ridwankamil/statuses/1582358775306293249,https://twitter.com/ridwankamil/statuses/1582358775306293249,ridwankamil,"Selain takziah, saya meminta para kepala daerah wali kota dan bupati untuk mengirimkan edaran ke sekolah-sekolah agar menunda kegiatan-kegiatan outdoor di zona sungai/air terjun/danau saat musim penghujan yang sedang mengalami curah ekstrim ini.","Selain takziah, saya meminta para kepala daerah wali kota dan bupati untuk mengirimkan edaran ke sekolah-sekolah agar menunda kegiatan-kegiatan outdoor di zona sungai/air terjun/danau saat musim penghujan yang sedang mengalami curah ekstrim ini.",10/18/2022 9:11,Twitter for iPhone,63,5,in,,reply,ridwankamil,80323736,1.58236E+18,,0,0,80323736,https://pbs.twimg.com/profile_images/1536523752447840256/ePU5yzwy_normal.jpg,44225,2839,5348837,10/6/2009 11:07,Governor of West Java. Broadcaster of Daily Happiness,Jabar Juara Indonesia,1
40,1.58236E+18,https://twitter.com/ridwankamil/statuses/1582358770277285888,https://twitter.com/ridwankamil/statuses/1582358770277285888,ridwankamil,Banyak musibah di musim penghujan ini.  Takziah kepada salah satu keluarga korban yang hanyut saat Latihan Dasar Kemimpinan tingkat SMP di area Curug Kembar Bogor. Doa kami semoga almarhumah husnul khatimah dan keluarga yang ditinggalkan diberi kesabaran dan ketabahan. https://t.co/cvWRHL8nE4,Banyak musibah di musim penghujan ini.  Takziah kepada salah satu keluarga korban yang hanyut saat Latihan Dasar Kemimpinan tingkat SMP di area Curug Kembar Bogor. Doa kami semoga almarhumah husnul khatimah dan keluarga yang ditinggalkan diberi kesabaran dan ketabahan. https://t.co/cvWRHL8nE4,10/18/2022 9:11,Twitter for iPhone,248,27,in,,original,,0,0,,0,0,80323736,https://pbs.twimg.com/profile_images/1536523752447840256/ePU5yzwy_normal.jpg,44225,2839,5348837,10/6/2009 11:07,Governor of West Java. Broadcaster of Daily Happiness,Jabar Juara Indonesia,1
41,1.58226E+18,https://twitter.com/ridwankamil/statuses/1582261762304638976,https://twitter.com/ridwankamil/statuses/1582261762304638976,ridwankamil,"Kedatangan British Ambassador di Bandung. Membahas kerjasama bidang pendidikan, transportasi, dan green energy. Juga soal update dari proyek Joint Campus University Lancaster-Deakin, Proyek UK-PACT dengan Dinas ESDM dan Cekungan Bandung.  #JabarJuara #IndonesiaJuara -Admin- https://t.co/YpvJaWVS2y","Kedatangan British Ambassador di Bandung. Membahas kerjasama bidang pendidikan, transportasi, dan green energy. Juga soal update dari proyek Joint Campus University Lancaster-Deakin, Proyek UK-PACT dengan Dinas ESDM dan Cekungan Bandung.  #JabarJuara #IndonesiaJuara -Admin- https://t.co/YpvJaWVS2y",10/18/2022 2:46,Twitter for iPhone,277,22,in,,original,,0,0,,0,0,80323736,https://pbs.twimg.com/profile_images/1536523752447840256/ePU5yzwy_normal.jpg,44225,2839,5348837,10/6/2009 11:07,Governor of West Java. Broadcaster of Daily Happiness,Jabar Juara Indonesia,1
